codigo_nif,nombre,cluster_modelo_negocio,PC1,PC2,cluster_label
B03016268,BORNAY SL,1,7.235999985603453,3.5165875039708623,C1
B78970365,CLARIOS PLASTICS SPAIN SL.,1,8.09678192750372,1.3110788036977736,C1
A03046125,FLEJES INDUSTRIALES SA,1,4.411581285921503,2.399333381953371,C1
A03006384,RIPAY SA,1,4.346432460117713,2.0763437219422944,C1
A03001948,DOMENECH HERMANOS SAU,1,4.23246955766011,1.6010602752857979,C1
B96956115,VALLES PLASTIC FILM SL,1,3.306782465343689,0.6588445416792073,C1
B54972146,INDUSTRIA PAPELERA DE MURO SL.,1,3.7686330728257715,-0.12997038359719626,C1
B54182324,BIOPOLIMEROS MAYA SL.,1,5.184121328046421,1.200020298373951,C1
B98246291,LAMINADOS CAREVA SL,1,4.306926923909642,0.9013331061989864,C1
B53888566,TERMOFORMAS DE LEVANTE SL,1,5.04039286103804,1.3332857288012667,C1
B46103297,PLASTICOS FERRANDO SL,1,4.315258966012866,1.186896918217995,C1
A53199402,DURPLASTICS SA,1,2.0479773022701835,0.3969846501246868,C1
B03834330,PLASTIMODUL SL,1,2.1126435372134953,3.014288138176509,C1
B46715934,DUCPLAST SL,1,4.532846511657113,-0.2849823948838261,C1
A46050746,BENIPLAST BENITEX SA,2,0.6225328124723614,1.2816856950801132,C2
B53048997,ALJUAN SL,1,1.3624693540253792,1.8024005147615154,C1
B53794798,PRACTICEL SL,1,4.91221249671079,-0.6415916218045111,C1
B46264800,VIDRIOS SAN MIGUEL SL.,2,0.006362922316978699,1.0962639163915766,C2
B04980181,JOVISA RECYCLING MACHINERY SL.,1,4.312480562958741,-0.5147814188390178,C1
A46185484,KAMAX GALOL COATINGS SA.,1,1.078357907099904,-0.12382914849556426,C1
A03009263,CARTONAJES BAÑERES SA,1,2.3817248979044194,-0.07288585133114002,C1
A46215661,ROCHLING INDUSTRIAL BOCAIRENT S.A.U.,1,2.1929209408734756,0.7377198123860225,C1
B46579058,PLA ALBERT SL,1,5.048409772883764,-0.001997865515637539,C1
B54596648,KARME NATURE SL.,1,1.8037858633707513,1.2589184825800956,C1
A20098364,KERKOM 360 SAU,1,1.5392929090428258,0.8591615065060673,C1
A46089348,VILA HERMANOS CERERIA SA,1,2.3236013515493013,1.1768335897431064,C1
B03006350,RESRG AUTOMOTIVE IBI SL,2,0.6883676223410156,0.692289214777632,C2
B03403136,INDUSTRIAS FRANCISCO GUILLEM SL,1,3.506314298577571,-0.19280177166716547,C1
A46011888,GANDIA BLASCO SA,1,1.2114588908179709,1.0906236545841619,C1
A46168795,ARTESANIA COBAVIPLAST SA,1,2.727935929977653,0.5559952795395883,C1
B53429106,HILEX TRANSFORMACIONES METALICAS SL,2,-0.05623464069187742,0.6645679907868807,C2
B54749460,INDUSTRIAS PEYGRAN S.L.U.,1,2.5044180685222543,0.494349623072715,C1
B03907862,SEYCA PLASTIC PACKAGING SL.,1,1.2549019853612402,-0.2520823401759283,C1
B97054118,POLYPRES MEDITERRANEO SL,1,1.8049939399416066,1.4059081941449934,C1
B96623129,CERERIA MOLLA 1899 SL.,1,5.175778079561109,-0.48256319621838745,C1
B41991647,MULTISCAN TECHNOLOGIES SL,1,2.0133755454684596,1.7359669558812882,C1
A46052536,GONZALO FERRI SA,1,2.19602814098231,1.4992574944921235,C1
B03442415,REGICARP SL,1,1.4037749291852668,-0.13279423024741707,C1
B53139564,TEXTILES FERRE SANZ SL,1,2.710705199660417,1.1235230310545024,C1
B54114871,COOVER IBI SL.,1,1.3740397759019887,0.16086202028293423,C1
B46162400,GAVIPLAS SL,1,2.0680063576012313,0.426521999185975,C1
A03027919,FRANCISCO JOVER SA,2,0.8465276307101236,1.8731910871387298,C2
B96330725,ENTIDAD MAYA SL,1,1.1582411643716584,0.7769266005944441,C1
B98699572,CLUSTAG SOCIEDAD LIMITADA.,1,3.153909604378279,0.5523737151689366,C1
B54884820,JMOLTO LT SL.,3,0.9244762738535287,-1.355790491743989,C3
B53285490,ENVASES METALICOS EUROBOX SL,1,3.8041830450311416,0.08410377611708583,C1
B46889408,PLAST-TEXTIL SL,2,0.12803152812135818,1.0357628732819537,C2
B53068334,FDJ NINCO SLU,1,2.146553291399054,1.1015683362583568,C1
B54982723,IBIDE FITTING PLASTIC SL.,1,3.3751250943724695,-0.6547234482535006,C1
A03218112,INDUSTRIAS CLIMBER SA,1,2.5721782313596324,-1.337637912680707,C1
B53264826,DICARCONO SL,3,0.7602471743683685,-0.6577851845413993,C3
B97700207,CAMPOS MONTAVERNER SL,3,0.3497492329227854,0.17829406743852166,C3
B53020418,MAPELOR SL,2,0.8840364282560729,1.0344956276410033,C2
B03384070,CCL LABEL SPAIN S.L.U.,1,1.910887694969444,0.491688205349736,C1
B96563119,MOIXENT INDUSTRIAL PLASTIC SL,1,2.725771073673968,-1.3820330899090707,C1
B03561099,NONWOVENS IBERICA SL,1,2.092498119081655,0.716237549023586,C1
A03003324,INDUSTRIAL JUGUETERA SOCIEDAD ANONIMA,1,1.6784017388695724,1.5860341507709361,C1
A96345004,BREVIA SA,1,3.326890544704642,0.46689193667547146,C1
B53110730,HILADOS BENISAIDO SL,2,0.4353415342042478,0.9344604001156617,C2
B46287132,PLASTICOS VIDAL SL,1,2.1253901654358582,2.2083666168173677,C1
B53160099,VICEDO-MARTI SL,3,0.8445761515920679,-0.40645889790812806,C3
B97793665,ENVASES SANZ BELDA SL,1,1.2433918609418158,-0.3638849813830061,C1
B42655779,LEMOINE SPAIN COTTON INDUSTRY SL.,3,-0.22920734427156964,-0.06165570020724405,C3
A03061314,PEREZ CERDA SA,2,-0.434268945159474,0.6439385025691983,C2
A03197308,MINILAND SA,2,-0.37240421986992267,1.9042845245154472,C2
B46089504,CANDIDO PENALBA SL,1,3.1357499238961872,-0.2124861863862234,C1
A46572467,"WINTEX, SOCIEDAD ANONIMA",2,-0.33233240691029425,3.6453611593205695,C2
B03051927,JOSE ALBERO PUERTO SL,1,3.7798398191032443,-0.4585807494389744,C1
A46251401,PLASTICOS BIOSCA SA,3,0.7809018296181229,-0.2823149357524603,C3
A46247748,PENALBA SOLER SA,1,1.997173217913027,0.767919375006358,C1
A03195260,ONDULADOS DEL PAPEL SA,1,6.914477848573952,-0.2691663347733738,C1
B03164050,OBLEAS QUINTIN SL,1,1.265883526579332,-1.0320929380985446,C1
B53168365,GREAT PLASTIC SL,1,0.8335694665119142,0.053369433099225,C1
B96238720,TEXTIL CASA MODA SOCIEDAD LIMITADA,2,-0.4940214020375514,1.3092532196096582,C2
A46122909,MOPATEX SA,2,0.8229166227655637,1.5624205841532035,C2
A46096566,"PIEL, SA",2,0.3266882202216072,2.1799340777035394,C2
B98704521,SAMARPLAST PLASTICS SOCIEDAD LIMITADA.,1,3.349831626132433,0.43911929154286805,C1
B03867058,MORA FERRE E HIJOS SL,1,1.360430130544022,1.8352564064733285,C1
B46283941,RAFSOL SL,1,2.9369591703634295,0.16679192044454785,C1
B96490313,HILATURAS MAR SL,3,-0.1495830098903917,0.010131343608332932,C3
B46661005,CREACIONES EUROMODA SL,2,-0.1857504436862963,1.9607808899469672,C2
B03016821,MANUFACTURAS ALHAMBRA S.L.,2,-0.4009571409829612,3.5640907174950622,C2
B46182002,REBOCA SL,1,1.415658061844014,1.1455792131813676,C1
B98669609,BERVIBOX SOCIEDAD LIMITADA.,1,1.2887717343267042,-0.6626397415281411,C1
B53083762,COLORPRINT FASHION SL,2,-0.5685405716561996,0.3235111401467999,C2
A46013702,MANUEL REVERT Y CIA SA,2,0.02027962043219511,2.1191867409749454,C2
B53005906,CREACION Y DISEÑO IBENSE SL,1,1.8214714881901475,0.37443445121534735,C1
B53078978,RIBETES Y CORDONES MARTI S.L.,1,3.112903362990326,2.1894070883677355,C1
A03017308,"MOLTO Y COMPAÑIA, SOCIEDAD ANONIMA",2,-0.12671710009802511,3.3857157861934266,C2
B02757631,SCRIMTECH FABRICS SOCIEDAD LIMITADA.,1,2.7915942424042988,0.8603046253255016,C1
B96997432,CASA MEDITERRANEA 1967 SL,2,0.6569227950074362,2.686347515243048,C2
B03434198,PLASTICOS INDEN SL,1,1.4064132620334786,-0.2253600054090439,C1
B03025806,TEX-DELTA SL,1,3.9694637682324805,1.1765036136497244,C1
B03058757,JUGUETES PICO SL,1,0.8183746717522141,0.8086488895867459,C1
B46203550,PINTURAS AYELENSES SL,2,-0.05949985907482369,0.577745686730779,C2
B53171724,HERBES DEL MOLI SL.,2,0.9209629090030587,1.466036864840919,C2
B03718905,MANIPULADOS VAZQUEZ SL,1,1.6130135470064182,0.8909344115074478,C1
A03078862,COMERSAN SA,2,-1.376818461976319,2.2042904952324878,C2
B03120318,PEREZ LINARES SL,1,2.3155679893186596,0.5409919952468369,C1
B54710835,PROTEKU EUROPA SL.,1,3.152403623659501,-0.2832262713061079,C1
B03093713,ROTATEX SL,2,-0.2769561036431012,0.5334658544991882,C2
B03308681,BRILDOR SL,2,-0.832845411580467,1.1785107190105726,C2
B46307872,VAELLO CAMPOS SL,1,1.438330084157601,0.0954444649838644,C1
A46162665,INDUSTRIAL PLAST SA,3,0.0826018027108278,0.09704922763170439,C3
B03933835,COMPAÑIA LEVANTINA DE REDUCTORES SL,2,-0.17289320346628922,1.6636779273093127,C2
A03266095,EMBALAJES ALBERO SA,1,3.8167233061980883,0.47642461011823656,C1
B96362835,TEIXITS J FRANCES SL,1,3.7995699311584783,0.7361169503320389,C1
A97033351,SPUNLACE SA,1,1.0036051545834561,0.03552988593853216,C1
A46969754,PALETS RIBELLES SA,1,1.506310518336961,0.41167946567217945,C1
A03146081,FERNANDO CERDA BLANES E HIJOS SA,1,1.919555821937574,0.7844737711503813,C1
B53525184,ADVANCED PET S.L.,1,2.49336651846848,0.5266805509602287,C1
B03463452,JUYPAL HOGAR SL,2,0.47026988767040884,0.784969847048896,C2
B98574056,BLUEBAGS & ACCESORIES SOCIEDAD LIMITADA.,2,0.575033862446791,0.8288537215847714,C2
A03057577,INDUSTRIAS PLASTICAS BAÑERES SA,3,0.5987381929842427,0.056697064465618306,C3
B98376916,AVAN EUROPE SOCIEDAD LIMITADA.,1,2.2534315260860813,0.1371550874703514,C1
B03311933,SATIS COATING SL.,3,0.03765153920614758,-0.10574484823535124,C3
B03160520,CREACIONES JOVIAR SL,3,0.3835522269068535,-0.794085478207236,C3
B54363361,PRODESCOM-ROTOMOLDEO SL,3,0.07502979308396862,-0.1999709358324281,C3
B97328173,NEW MOP SL,3,-0.1710865633404132,0.020996699883259366,C3
B97181978,DON ALMOHADON SL,3,-0.30292952710340637,-0.8131798163475652,C3
B03940525,INYECTADOS IBI SL,3,0.9141386238468867,-1.1755878173185892,C3
B03506102,TERMOFORMADOS BANYERES SL.,1,1.7881415543698898,0.15693061408712564,C1
A03030707,PASCUAL Y BERNABEU SA,3,-0.8584167501339955,-0.42170093810967385,C3
A46225678,CAÑETE SA,2,-0.927813786175963,1.5191254201865876,C2
A03003647,GONHER SA,1,2.355149580781779,-0.1428918344165356,C1
B03663994,MUÑECAS ANTONIO JUAN SL,3,0.6190149678103745,-0.15250449526198515,C3
B53092219,AMBIENTES AMA HOGAR SL,2,0.7998705267186044,0.9787988414293706,C2
B03076346,POHUER CREATIVE INJECTION SL.,3,0.3271782550182637,-0.43531753755675734,C3
B46821997,VEREMUNDO SILVESTRE JORDA SL,3,0.3854081156884475,0.4410849227306358,C3
B53807772,FERRE & FERRE ETIQUETES SL,3,0.32134543574769237,-0.20605841497376734,C3
A46228649,OLIVES GARCIA SA,3,-0.23358341756118955,0.8033525417047495,C3
B96921069,CIEVA SL,3,0.46911713331685423,0.04873861365544776,C3
A03160736,QIUB PACKAGING SA.,2,0.4321039506509297,-0.15455361894111258,C2
B97532568,OPTRON INGENIERIA SL,2,-0.3467324090242701,1.2796754970358635,C2
B02731685,MT PLASTICS QUALITY FILM SL,3,0.7716297988575173,-0.8280806166046522,C3
B53941217,SUMINISTROS Y MANIPULADOS TECNICOS SL,1,1.2357896893068578,0.06044905603733934,C1
B96218110,CATOTEX SL,2,0.8028126472246242,1.08255109871308,C2
A46109021,TALLERES CONSTRUCCIONES MECANICAS SA,3,-0.3752767264682188,-0.3926586310547442,C3
B03286192,CARTONAJES TORRALBA SL,3,0.06255567711211682,0.10242041080465467,C3
B96998349,ABONOS ORGANICOS MONTAGUD SL,1,2.750205818161711,-0.801951862679074,C1
B03250735,DEFORMAC SL,3,0.5923873460409143,0.9835812404843872,C3
B98596885,MEDITERRANEA LIFESTYLE SOCIEDAD LIMITADA.,2,-0.9324724836946335,0.5321150886099163,C2
B03821881,MUEBLES ORTS SL,2,-0.7183800393802584,0.5781845056568573,C2
B03048881,M CASTELLO JOVER SL,3,-0.06112596387405316,-1.174455253019304,C3
B54398839,PROTEC TEXTIL 1980 SL,1,1.0123416681195265,0.7808597907842089,C1
B03116076,CARLOS VALERO SL,1,1.0761068345170914,-0.6896782095799106,C1
A53560660,ALBERTO FERRE SA,2,0.2504122968916969,1.3904923499000597,C2
B67770990,DIBER SOLUCION INTEGRAL SL.,3,0.42478587144847296,-0.10034539917866914,C3
B03012903,HILATURAS SANCHIS SL,2,-0.3756182967289952,0.4908556522353738,C2
B53182622,SARABIA TOLMOS SL,3,1.0321164335527957,-1.477206227864602,C3
B53601811,DILEOFFICE SL,3,-0.1668695658000134,0.3091630724886032,C3
B53696647,INYECTADOS PLASTICMAN SL,3,0.6112303022550484,-1.3173279183527384,C3
A98628977,SALUSTAR LABORATORIOS SA.,3,1.163971738653827,-1.0704462927682379,C3
B53613634,COALCAFE SL,3,1.0385897904169397,-0.0006766755118367727,C3
B96120159,ROCHELTEX SL,1,2.3815623195147877,-0.6605001039795484,C1
B46131371,CERAMICAS ALONSO SL,1,2.3405288654024994,1.9695740778623925,C1
B46658589,EYSA CONFECCION SL,3,-0.10642847838797524,0.09475680646582786,C3
B13737648,RIBER SOLUCIONES TECNICAS SL.,3,0.7861998459351962,-1.225658564475549,C3
B53220125,HIDRAULICAS LA FOIA SL,3,0.9104563978157979,-2.4533331736908752,C3
B41520446,PUNT NOU SOCIEDAD LIMITADA,2,-0.8964786216329041,1.2738946998543252,C2
B03144979,MAQUINARIA E HIDRAULICA JOVISA SL,2,-0.5759591036633946,1.5626823094190903,C2
B54437629,ADHESIVAS IBI SOCIEDAD LIMITADA,2,-0.10248583491370898,0.24961284654927868,C2
B98196009,GRAFINOU BOCAIRENT SL,3,-1.0004820901483706,-0.5495031427845678,C3
B03449261,ANTECUIR SL,2,-0.9976042645600713,0.18043443923386662,C2
B03162310,PLASTICOS MIRAS SL,2,0.7539141017728022,1.2083801043904967,C2
B53254488,PLASTICOS REIG SL,1,1.2359950889038867,0.20056916774463174,C1
B80810641,FAPERIN SL,2,-0.02265472165823676,1.480773525997058,C2
B03978764,INTERIBI SL,1,1.4619243173120628,0.3025780572996842,C1
B53365458,AUXILIARES ONIL SL,3,0.4353015854205889,-1.0031046516976128,C3
A46070900,GACELA DE ORO SA,3,0.8701477560009042,-0.5744559574337627,C3
B96468301,PANIFICADORA BORDERIA SL,3,-0.8021744910317082,-0.2489523002413417,C3
B54057344,EXCELLENT CORK SL,1,1.7850241297876654,-1.0997793724336822,C1
B46481644,MLS TEXTILES 1992 SL.,2,-0.011664248126412417,0.7129539654489819,C2
B42555763,VISION PLAST LEVANTE SL.,3,-0.5570833145932186,-0.08555141056069829,C3
B03048469,JOSE GISBERT SL,1,1.7472943969652583,0.9893130656017963,C1
B03197928,EXPOPLASTI SL,1,2.4824259155331827,-0.9920102086467509,C1
B54697941,IBIPAL PALETS SL.,3,-0.6233245058896505,-0.0006897739485111645,C3
B53159901,INYECTADOS CARRETERO SL,2,0.37889778884066416,0.5529495752672218,C2
A46101291,SA DE TINTES SANZ,3,-0.29546325503837617,-0.9805439780668465,C3
B03128337,TEXTILES JOYPER SL,3,-0.18514739972497382,0.2981741884980391,C3
A03200326,SANJUAN HERMANOS SA,3,0.6731063832102973,-0.8980007876015633,C3
A46249587,R & J CAMBRASS SA,2,-0.538881682202881,1.855373029614508,C2
B98824535,PLATAFORMAS ESTRUCKMET S.L.U.,3,0.6743365462884161,-1.4813789927785044,C3
B03025699,ESTAMPADOS PRATO SL,3,-0.30458448555264483,-0.5738420160018133,C3
A58234287,VENTANAS INTELIGENTES SA.,3,-0.25276429235097225,-0.3684039959926391,C3
B03034154,VIDUCA SL,2,0.6807927496542047,1.2149383178643998,C2
B03080728,POLIEX SL,1,0.7794255113634582,0.21894604482165334,C1
B54486683,ETIQUETA DIEZ SL.,2,0.4061089018091762,0.28807020026150365,C2
B40517575,SOLUTIONS COMERCIAL UNIT SOCIEDAD LIMITADA.,1,3.80763480745137,2.0786187479540312,C1
B46670691,BELMARTI SL,1,2.7949804276661347,-0.36795699355713263,C1
A46396891,SISTEMAS DE EMBALAJE SYSTEMPACK SA,1,1.4689697918235145,-1.619370227785843,C1
B98276249,CADEL RECYCLING LAB SOCIEDAD LIMITADA.,1,1.2863317240393657,0.07107471555566416,C1
B97654396,CE & VI PALETS SOCIEDAD LIMITADA.,3,0.5305124702416314,-0.6320180790768168,C3
B97129936,IMASD SL,2,-0.6591697897870263,0.513773630132807,C2
A03306958,CERVIC SA,1,0.7772028832814772,-0.06951302850718535,C1
B53729364,MODELOS ATIENZA-CLIMENT SL,1,1.1306667183545305,0.3995332472845357,C1
B53040341,HERRAJES BERMI SL,3,-0.2675760357350106,0.09311557755030034,C3
B53010856,M LLORENS JUAN SL,3,0.3590826629746262,-1.4120427271759617,C3
B40519159,VANTRY WORLD SOCIEDAD LIMITADA.,2,-1.1151102912657678,1.0192854870669186,C2
B54497276,FILTAN 2010 SL.,3,-1.1900146698852019,-1.6529962195891927,C3
A46601852,BERETI SA,3,0.06155593103344637,-0.7347735930787136,C3
B96672639,MANDRILADORA FERCATUB SL,3,1.3705276670531796,-3.575231433315162,C3
B40621633,NELEMAN WINES SL.,1,1.1868703944614056,0.6749192332792873,C1
B03937687,SERPISCOLOR SL,3,-1.4946207777851264,-0.30342542984730514,C3
B97212013,CASA PERE PLA SL,1,2.440171964545582,-1.4586871629115166,C1
B03786720,GRAFICAS AGULLO SL,3,0.4086327505822849,-1.3939062557219422,C3
B54620877,LABORATORIOS CAROL SL,3,1.0352605869098637,-2.8001506193424324,C3
A03012481,HIJOS DE ANTONIO FERRE SA,2,-0.7930328512211621,2.5550840760368687,C2
B53347001,PACKSA TECNICA SL,1,1.9092094741117691,-0.4553043592355888,C1
A03061975,MANUFACTURA COMERCIAL DE PAPELES SA,1,3.875393180036359,-0.3490401020890234,C1
B46998050,MIMAR TEXTIL SL,3,-0.0427127297551922,0.39212969343012816,C3
B53339255,ETIMAISA SL,1,1.4675767939291642,-1.027976567222397,C1
B97907406,TAM INDUSTRIAL ENERGY SL.,3,0.060559151412007184,-1.6857501138867854,C3
B03078870,JUYPAL SL,2,-0.386862300444128,0.20354499576074403,C2
B03085008,JORGE ALBERO PASCUAL SL,2,-0.46401754705285403,0.23548507134925922,C2
B98608110,TRESGRAPHICS PACKAGING SL.,3,0.4573131881590779,-0.6247140568202494,C3
B03006681,ACCESORIOS Y RESORTES SL,1,1.4396484307108768,2.3744283051224633,C1
B53113494,INDUSTRIA AUXILIAR JUEMA SL,3,-1.2563196842130278,0.34886424068623273,C3
B03042256,BETIS TEXTIL SL,3,-0.5681145970279442,0.19858502311006465,C3
B54516877,FAMEPLAST MOLDES E INYECCION SL.,2,-1.4064646578848934,0.01351158752928742,C2
B54574058,GARCIA FIESTAS SL.,2,-0.554248691951354,0.41357787982274735,C2
B53465845,UBAGO CAFETEROS SL,1,1.0393708349214006,1.337365534035416,C1
B03009453,CLAUDIO REIG SL,2,-0.8382175727790238,2.615193399414216,C2
B03161676,IBICROM SL,3,0.3236939746476103,-0.8000972537087918,C3
B54757455,CREACIONES ORCA SL.,3,0.3748822126892956,0.7927917033296309,C3
B53643177,PLASTICOS BG SL,2,0.4366329580674807,0.039524396220667196,C2
B97440119,VIO EUROPE SL,3,0.5550634790508968,-0.05771257612572296,C3
A03040060,ACABADOS BAÑERES SA,3,-0.4329632325495802,-0.4795125654365679,C3
B96887104,GRUPO ALBERT 2000 SL,2,0.200515582448314,0.9377530348765946,C2
B98563059,BSAFABRIC SOCIEDAD LIMITADA.,3,-0.5082622289111552,-0.21115671013467313,C3
B96317474,LIBERFUSTA SL,3,0.22886148689402663,-0.16766068033892137,C3
B03926060,HILADOS LES MOLINES SL,2,-0.1472701040656179,0.67594786274317,C2
B96263470,TEXTILES BELTEX SL,1,3.1306282990703864,0.06302281035205384,C1
A46020129,"PERCHADOS TEXTILES, SA",2,-1.3022358173856627,0.4893067561608255,C2
B03058278,MUELLES BROTONS SL,1,3.9149311142800403,-2.272240065196972,C1
B42693218,TOTCARTO SL.,2,-0.43360754108700994,0.5553876105728206,C2
B54549381,MAXIMA AMENITIES SL,3,0.141305540231268,-1.8429029102465104,C3
B03259082,LUXBER SL,2,-0.9580530711089225,2.3913156747605067,C2
B53225108,SEMPERE TEXTIL SL,1,2.3591281463893687,0.9242191523479295,C1
B46834735,ROIG ALBERT SL,3,-0.5074133117886445,0.11417515505595908,C3
B03088036,COMERCIAL INDUSTRIAL DE MANUFACTURADOS TEXTILES SL,2,-0.933958414426252,1.8571713119580404,C2
B53030540,MUÑECAS PAOLA SL,3,-0.5158829667667773,0.5260491150423842,C3
B53036844,NINES ARTESANALS D'ONIL S.L.,3,-0.025294428826913535,-2.0204984225015417,C3
B96363148,ETIQUETAS GRANERO SL,2,-1.3844955823433873,0.1308924531450183,C2
A03037728,JOVERTEX SA,3,-1.0348830629093415,-0.17463932779867228,C3
B02721660,PRODUCTOS CONGELADOS LEVANTE SOCIEDAD LIMITADA.,1,2.1555802936614685,-0.8928626537424873,C1
A46601373,COLOR INDUSTRIAL SA,2,-0.4254917869327791,0.4484513222025558,C2
B03788262,SUINSO S. L.,1,1.8158164502448715,-1.2834260060245255,C1
B96643291,FOCS D'ARTIFICI EUROPLA SL,2,0.34941493042579547,0.9096205206715617,C2
B53547360,M T REMON 2000 SL,1,1.8902250985689868,-0.27143023304754127,C1
B97761019,IGETEX ACOLCHADOS SL,3,-0.15141084715744507,-0.8430686924244964,C3
B03173283,JOPI SL,3,-0.6310023790107026,-0.6190808828996655,C3
B53379970,URDIDOS PUIG SL,1,1.3348659559555085,0.27265933696465333,C1
A03115318,FULGENCIO TORREGROSA SOCIEDAD ANONIMA,2,0.6057211506552806,0.10550403952741881,C2
B97733521,LLUNAGRAPHICS SL,3,0.8188005092395837,-0.055618480775782,C3
B46435384,PLASGIMENG SL,1,1.7768384894370963,-1.1861990371078266,C1
B46016408,RAMON ESPI SL,2,-2.6161119733553115,4.1035953627853345,C2
B03352226,ITALUX SL,3,-0.6894069748763851,-1.9310217783612256,C3
B54678164,MANIQUIES SEMPERE SOCIEDAD LIMITADA.,2,-0.20345721038421435,-0.0847127907563234,C2
B46861779,PINTURAS UREÑA SL,3,0.18061214688015365,0.41091349015267997,C3
B54368485,CREALBER SL,3,-0.471315484916698,-0.7611184838818469,C3
B97966535,TERMOENVAS SL,3,-0.16730970725589894,0.07973711516121201,C3
B42578674,IBERFILTROS Y TUBOS SL.,1,1.2655400581303453,1.9272503176522728,C1
B96551304,EMBALAJES VIDAL ALBIÑANA SL,1,5.768290588842982,-0.5885084165257054,C1
B53554986,JOSE ALONSO VALOR E HIJOS SL,3,0.5919952349434449,-1.0623821999838876,C3
B46295788,VISDELTEX SL,2,-0.8054352018793784,1.223940785373962,C2
B96727482,GRAFITEC IMPRESORES SL,3,-0.22623967017974356,-0.8748559853809286,C3
B03128402,IBERYARN SL,3,-0.3964287854606653,0.42842270435788105,C3
B54393103,TINTAS GREIS SL.,3,-0.08139763835614516,-1.637229059534616,C3
B03959137,VICENTE ANTON ESTEVE SL,3,-0.5467220975956085,-0.2832016898252885,C3
B98957640,TECHNOCOLOR TEXTIL SL,2,-0.8780053480848061,-0.10644149541465943,C2
A46143202,ORTOLA SA,3,0.24498410435741672,-0.549188638689569,C3
B03126828,LLORPIC VENTILADORES SL,3,-0.9625172994943221,-0.6718274453863868,C3
B53380002,JORDATEX GRUPO IND SL,3,0.215014810530481,0.1462172971201025,C3
B96806104,LEVANTEX BOCAIRENT SL,2,-0.34366010519896073,1.5526839921303266,C2
B54786777,PUNTO DE VENTA Y PROMOCION PLV SL.,3,-0.528112958724895,-0.44345620949572506,C3
B46749859,JOFESA IMAGINE SYSTEMS SL,2,0.5096148253385681,0.4590392489619032,C2
B03888674,COMERCIAL DE URDIDOS SL,2,-1.1066803546210093,1.8018724617807083,C2
A03412871,VANICO SA,1,1.3373867226504035,0.22432486419246506,C1
B96588181,VIALMAN SL,3,-1.0010284504486782,-0.4289525260756651,C3
A46178752,BELPLA SA,2,0.36841583673331785,1.0959584836049503,C2
B96315205,JOVIPAL PALETS SL,3,-0.6411696108399251,0.5379253433435071,C3
B98619810,LAND TEXTIL AGULLENT SL.,3,0.1314020888230126,-0.371891493833676,C3
B53272324,ZK-2000 SL,1,1.3846717522085648,-1.0677605656824976,C1
B01742808,IBERSTRAWS PAPER SL.,2,-0.3379016583558909,2.614288797493593,C2
B96265301,LIDEM CONSTRUCCIONES MECANICAS SL,3,-0.43535992841660914,-0.8389218010325517,C3
B03871068,PRECOAN SL,3,0.7777909695200802,-1.4250551656107842,C3
A03010287,FILPRIM SA,2,-1.8062338439305536,1.3673086850528184,C2
B53221651,MAYSAN PACK SL.,3,0.9212837172764876,-0.35668434893843215,C3
B54532627,STICSA LEVANTE SL,1,1.7157688758410083,-0.7701507079660649,C1
B03126646,PLASTICOS COLOMA SL,2,-1.165091259590752,0.9411860996151429,C2
B03622537,MAURO RIBERA VALERO SL,3,0.6566708625244688,-1.1250733487301408,C3
B54564182,MUNDOBARQUILLO SL.,2,0.007825816299776276,0.3901847933042128,C2
B97322655,GRUPO SAMPER VAÑO SL,3,0.2953876061489418,-0.3151450620088283,C3
B96001698,MEGAPUNT TEJIDOS DE PUNTO SL,3,0.9802381556002131,-0.7165180277838111,C3
B54287602,UBITECH MOLDES Y MODELOS INDUSTRIALES SL,3,-1.0184504174061235,-1.0947012079617713,C3
B98439433,TRANSFORMADOS DEL METAL Y CEMENTO SL.,3,-0.0024959440756810287,-1.2471432238430624,C3
B03106143,TEXTIL SAMA SL,2,0.4478306011104698,1.3283722291054865,C2
B53717559,TALLERES ALFONSO Y FERNANDO SL,3,0.2119212353068742,-3.0759261344376325,C3
B98039266,ENVASES Y CONTRACHAPADOS BELGIDA SL.,3,-0.04837944379071154,-0.683454038619259,C3
B97171870,ZOLOPLAST SL,3,-0.5711267807115841,0.5496132241836764,C3
B96413117,CONFECCIONES ANMITEX SL,3,-1.3055596166611423,-0.6448006629609898,C3
B98934441,VECTOR CONVEYORS SL.,2,0.4657254479619252,2.555126444187261,C2
B96329974,EMBUTIDOS PIMAR SL,3,-0.336070734456221,-1.7377397001976402,C3
B42961482,NAP SUMINISTROS HOSTELEROS SOCIEDAD LIMITADA.,3,-0.9088917177154341,0.2382203172558697,C3
A03225513,HIJOS DE CRISTOBAL ALBERO SA,2,0.33621338865087447,1.4500693025429594,C2
B54203955,JC TOYS SPAIN SL,2,0.3552267958037447,1.507134194120416,C2
B03900156,SERIEMPLAST SL,3,0.1940296369078997,-1.6518194673297835,C3
B54251814,CESAVAS SL,1,2.2718195617445893,-0.9802021144832351,C1
B96543418,TORPUNT SL,3,-0.4651261699929541,-0.14262844281636883,C3
B44970499,SKATEFLASH SL.,2,1.0615574882603356,2.357977677129969,C2
B53257796,VICENTE PASTOR BASTAN SL,3,-0.4287053357369201,-0.40168922934550716,C3
B03899473,URDIDOS GRAFER SL,2,-1.0614509655604778,1.765131403933984,C2
B54009089,DENSIFICADOS SL,3,-0.8042448144126966,-0.25065468715098493,C3
B54711684,HARINAS CLIMENT SL.,1,1.7817508534106783,-1.057758989628746,C1
B53708103,SOPLADOS Y ENVASES PICO GALVAÑ SL,3,0.8375472592053917,-0.9668586999679675,C3
B09919168,CELUQUIMIA SOCIEDAD LIMITADA.,1,2.4596677931252633,0.19873610675027786,C1
A46190138,MELBEN SA,3,-0.6881532818706226,-2.3314539381627193,C3
B53757027,TROFEOS Y MEDALLAS DEPORTIVAS SL,3,-0.5964138648065623,-0.17238196114827348,C3
B97187801,TRITURATS DE FIBRES SL,2,-0.6755230626729233,-0.3027427292868397,C2
B53136362,CALATAYUD FERRE SL,3,-0.5779246014774705,-1.5696000087794002,C3
B46413001,TRITEXCO SL,2,-0.29617135153959717,2.489460079780945,C2
B54746433,BELLAS ARTES LEVANTE SL.,3,-0.5706441025610575,-0.041902637098631686,C3
B03690815,INDUSTRIAS BUZMA SL,3,0.2026691901596038,0.47269996143256476,C3
B96364575,MODACOLOR ESTAMPADOS SL,2,-0.6554573722111909,0.24027476504598877,C2
B42671990,MARINA & PAU SL.,3,-0.09819990964838875,-2.482189005892667,C3
B98188378,TROQUEL 9 SL.,3,-1.7745258069634966,-0.3956676704027636,C3
B96517511,SOGAR PUERTAS METALICAS SL,3,-0.41865709741419577,-0.9952467430895291,C3
B54875182,CALATAYUD PUERTO SL.,3,1.128470096598543,-0.9180917979348568,C3
B54083480,ROTOMOLDING SILCO SL,2,-1.874812798568769,0.19871229932698548,C2
A03263555,VAYFESA SA,3,-0.6940479988103337,-0.2716192854909101,C3
B96726914,ART FUSTPI SL,3,-0.4145824214440632,-1.9843426190603632,C3
B42592600,IMAGINDARE SL.,3,-0.06991029984053554,-2.85719330627866,C3
B46250767,HOGAR RIS SL,3,-0.9178684467690186,0.03382970797556263,C3
B53110243,EUROPLASTICOS EXPOSITO SL,1,4.2480692311919235,-2.313842584689422,C1
B54195235,CARPINTERIA J.L. PASCUAL SL.,3,0.6550292209334576,-2.1279410138157835,C3
B53803409,FUNDICIONES VARI SL,2,-0.6715110215921595,2.334077440365093,C2
B03814621,TEJIDOS CAVITEX SL,2,-0.2663900289486598,0.9995513429715744,C2
B98332752,REMEDIOS PLA SOCIEDAD LIMITADA,3,-0.5237793668505208,0.33210603329494764,C3
B96021738,METALSANZ SL,3,0.011334474764387927,-1.688046140562354,C3
B40554297,TRATAMIENTOS INDUSTRIALES CODOPI SOCIEDAD LIMITADA.,3,-0.1876901013095737,-0.11443577742918978,C3
B54150339,ABAD INTEGRACION DE PROCESOS INDUSTRIALES SL,3,0.026224407933450395,-1.1555452254344774,C3
B53124335,INYECTADOS NEILA S.L.,3,0.01302744904081118,-1.4623007003271606,C3
B03030525,LUIS HERNANDEZ LOPEZ SL,2,-0.7009797196295912,1.2770963310519767,C2
B46219671,PENADES Y UREÑA SL,2,-1.9053383079614568,1.793559860755346,C2
B46687059,PLASTICOS EL PLA SL,2,-0.15641978299284004,0.2541292397743618,C2
B46167060,TEXTILES PONGAL SL,3,0.378315918247814,-0.8539311055432589,C3
B96968979,PLASTICOS BORONAT SL,3,0.9210199663002029,0.5013399691883464,C3
B98367816,CANTOPLAST SL.,3,0.24122354876342106,0.04210678875966564,C3
B03692308,MURO PUNT SL,3,-0.07233423396938324,0.016974695554111713,C3
B03683679,PAPELERA MARIOLA SL,1,4.569379340199876,-0.902416132576776,C1
B46587598,HILADOS BUFALIT SL,3,-1.2160698033627724,-0.6371265002931117,C3
B46337184,OMNIPLAST SL,2,-1.1373034367248713,0.9688295925376686,C2
B54267596,MUESTRARIOS HERMANOS CAÑADA SL,3,-0.5172756244084211,-0.18603172858859568,C3
B97310247,DECOLETAJES VICENTE VIDAL SL,3,-0.1933446695727469,-1.4746574540993862,C3
B53608303,PANADERIA MARIOLA SL,3,-1.4105486580100866,-1.8589976810480577,C3
B54932330,ASCENSION GARCIA REDONDO SL.,2,-0.11279581343154221,0.6865863197588957,C2
B03044997,ANGIS SL,3,0.38562416941971045,-1.0647241196209247,C3
B03255155,EROSION Y COPIADO PALAO SL,2,-1.5832874186370995,0.6744554485208403,C2
A46124418,JUAN VALLES SALA SA,2,-1.4822919975329263,1.3633109401924566,C2
B53364204,ALBERO I SEMPERE SL,3,0.372034154109619,-2.3610510375441662,C3
B97056618,NAVARRO CERERIA SL,3,-1.0729156999242313,0.32347790087555145,C3
B46673620,ALBERT INNOVACION SL,2,-0.8041758532293916,0.586618897171958,C2
B53329603,METALICAS CRIADO SL,3,-1.095049660669756,-0.5574953278839317,C3
B03844438,LITOCHAP SL,2,-0.5825627923092922,1.1218859851034741,C2
B19905652,HILATURAS ECCOFIL 1981 SL.,3,-0.6700159632014208,-1.8634347556059563,C3
B42693739,DGM ROTOMOLDEO SL.,3,-1.4731920432892602,-1.022953900999938,C3
B40511941,IN MOLD LABELING LOGISTICS SOCIEDAD LIMITADA.,2,-1.9505826617541715,1.120394608348049,C2
B98556236,SERVICOLOR IBERIA SL.,2,-0.002095105646226088,0.9673672963936282,C2
A03097359,INDUSTRIAL DEL TORCIDO SA,3,-1.5637626979045887,-0.2964598673684249,C3
B54046552,VICTORIANO CALATAYUD SL,3,0.20135023690923107,-1.1144956563436021,C3
B86840758,ARTE Y CANO SL.,2,-2.2545951930648234,0.3736827694410304,C2
B53130654,MANATEX DE BANYERES SL,2,-1.0053820953537804,1.0081379953106093,C2
B03164043,ARTESANIA BEATRIZ SL,2,-0.8399417033659631,1.0927216623705516,C2
B97968721,NEUTROLEADER SL,3,1.1363556455526458,-1.2798043087874769,C3
B02906592,PLASTINEZ GROUP SL.,3,-0.9286385183351585,-0.8581949727268905,C3
B98932197,SOLUTIONS & BUILDING SYSTEMS SOCIEDAD LIMITADA.,3,0.591143230448078,-0.019226721620035508,C3
B97682801,LINCEX PACKAGING GROUP SL,3,-0.9291912181081865,0.039748054913865245,C3
B96231790,MUEBLES EXPORTJUNK SL,3,-0.7308632205564688,-0.9773809088816341,C3
B42590869,RAFAEL CALATAYUD SL,3,-0.18768058467470514,-0.8733411516186398,C3
B96359005,ZEBRA TEXTIL SL,2,-0.7094700367004648,1.43188817091389,C2
A46372017,CORBISA ONTENIENTE SA,3,0.11510880036666875,-1.3792789883967762,C3
B53841292,CREACIONES TEXTILES CANO Y CANTO SL,2,-0.3427752982619377,1.4392054410296535,C2
B09708017,FERRUM ACCESSORIES SL,3,-1.142992869298326,-0.28697949006630546,C3
B54523741,KUBIK MONTAJES INTEGRALES SL,3,-0.4389723409952496,-1.8910013198354563,C3
B98412737,PLASDEXIN SOCIEDAD LIMITADA,3,-0.3887833960246544,-0.37450609489559467,C3
B98647530,NOVA GENERACIO CASTELLO SOCIEDAD LIMITADA.,3,-0.5761867972092991,-3.463066569329203,C3
B54462411,LACADOS TICA SL,3,-1.296604467352448,-0.7534572219444161,C3
B54112081,BONA MEL ORGANIC SL,1,2.107172208534472,2.4891649383330625,C1
B54437165,ALMAZARA LA ALQUERIA SL,2,0.0199514516150348,0.5465635341847227,C2
B03302692,INJUVA S.L.,3,-0.1436124461475291,-0.33776364465434217,C3
B96555735,ACABADOS PLASTICOS MOVIMAR SL,3,0.4143235257924847,-0.27952541121035346,C3
B54723739,TECTUM GLOBAL SL,3,0.8258118338850582,-0.9342065308771966,C3
B54972443,V. & C. ACABADOS SOCIEDAD LIMITADA.,3,-1.0428177826991862,-0.5376084742393059,C3
B03184470,PLASNOVO SL,2,-0.35018889365614736,1.8755498210546446,C2
B53514287,PINTAMETAL ROMAN SL,3,-1.5868992217072968,-1.3543099933951632,C3
B03109246,PLASTICOS RASPA SL,3,-0.9406263461207823,-0.9397419060968699,C3
B96516208,DOBLETALL ONTINYENT SL,3,0.4385589081073977,-1.6104566173171573,C3
B53215257,NOVATEX BAÑERES SL,2,-1.4566857203981471,0.5542736234178794,C2
B46679189,GENEROS DE PUNTO MOLLA SL,3,-1.4700418798686377,-0.7124280657519362,C3
B16749905,INMETAL COLLECTION SL.,2,0.7431053729760609,0.8707555736232796,C2
B53240560,EDELPLAST SL,3,-0.5106889114675445,-1.2486671990560683,C3
B96941372,BELLVIPLAS SL,3,0.2823996889402723,0.30862722361188066,C3
B46215877,BALBASTRE Y SANJAIME SL,2,-1.2402237193393408,1.299795118218601,C2
B98276868,CERDA SATORRES SL,3,1.0950510565622216,-0.42806568417414786,C3
B98966971,CARELI WOOD SL.,3,-0.40793795050628767,-0.17461101997448267,C3
B53762753,FORNITURAS JOMAR SL,2,0.5717532813077332,1.034084185621437,C2
B96201900,COLORMANT SL,3,-0.7218455284112208,0.20573461792584147,C3
B97304489,ARTESANIAS OVIEDO SL,3,0.17650173647397882,-0.7775834625930862,C3
B03324258,DALBER SL,2,-1.708569193754116,1.0291801835571674,C2
B54907969,REKLIN COAT SL.,3,-0.43547730982245403,-1.0047404029003326,C3
B03827193,ANTONIO GINER SL,3,-0.6009297872681767,-0.12715190203293777,C3
B53472353,URDIDOS JORDI SL,3,-0.19004748038919284,-1.1863444548711672,C3
B53175279,TEX AGUILA SL,3,0.2251928707321256,-1.1449294359438689,C3
B03027158,VICENTE BARCELO VAÑO SL,2,-0.7795975092613736,2.9620185715772656,C2
B96649827,SOLER TEXTIL 2000 S.L.U.,3,-0.3167695892389401,-0.7580892517104512,C3
B98215288,GUITARRAS PC SOCIEDAD LIMITADA.,2,0.5808331896390857,1.6132085045083049,C2
B53357539,AMBATEX SL,1,1.319143081784787,0.07496953307051608,C1
B09874504,BELLTX SOCIEDAD LIMITADA.,3,-2.1095053031618836,-1.8228682473865632,C3
B54972120,HILATEX DE MURO SL.,2,-1.8236790602683803,4.402065881637816,C2
B03102647,TEXTILES OLCINA S L,2,-1.9239498901958525,1.270408095514207,C2
B03894474,BARCELO FRANCES SL,2,-1.0785603447389889,2.2043361009173625,C2
B42693408,PROFILBER COMPOSITES SL.,1,2.155940884439116,-3.1779406833708794,C1
B98196785,SOLUCIONES ENERGETICAS LEVANTE SOCIEDAD LIMITADA,2,0.619611048199965,1.936928299176361,C2
B03507746,TROQUELADOS CRUNE SL,3,-0.5749982904872217,-0.6504470114584643,C3
B53616561,FUNDICIONES BLAS DIAZ MARTINEZ SL,3,-0.4901367814877805,0.5367161971959289,C3
B03116100,PEPRI SL,2,-0.8700238486312043,0.16104673851465565,C2
B04944955,VISOMO'S PACKAGING SOCIEDAD LIMITADA.,3,0.5114766348224432,-0.542362091835734,C3
B54470604,IRR-LOP SL.,2,-1.3590911672974186,1.9145649301947745,C2
B03035995,ANTONIO GARCIA JUAN SL,3,-0.6645982464548408,-1.5294177269656346,C3
B54711353,FERCASE 2013 SL.,3,-0.44524691842461395,-1.2240621341389442,C3
B42567685,ARTISFABRICS SL.,1,2.2948122948708702,-0.9537968200272358,C1
B53736054,ACEITUNAS DURA SL,3,-0.028902542837861686,0.044825768393053446,C3
B54665286,EXPORT TEDELMUN SL,2,-0.06293531878039779,1.3955915782154014,C2
B54038922,FRANDA-05 S.L.,3,-0.6452719139955118,-1.6420588628456354,C3
B03233822,HERRAJES Y ACCESORIOS PARA MUEBLES MALLE SL,2,-0.6332559203739279,0.7252800950991205,C2
B46193124,INDUFLEC SL,2,-1.818958542404839,-0.07623964601810192,C2
B53052957,CARPINTERIA METALICA CREFER SL,3,-0.43846140239407544,0.2799446053364769,C3
B42582627,MONTSERRAT 1958 SL.,3,-0.3452665330985926,0.3017821922687157,C3
B40506263,SANCLIM SEL-LECCIO SL.,3,-0.7749677394382654,-1.3235993872250291,C3
B40572844,EL TEMPLO DEL DESCANSO SOCIEDAD LIMITADA.,3,0.07798938510745494,-1.5276432947629939,C3
B46131579,SEMPERE Y SANZ SL,3,-1.3178504555017705,0.03345479224522974,C3
B53332920,CURVAS CANO SL,3,-1.073855407758344,-1.8043785587331767,C3
B53124673,MARAMAT SL,3,-0.2557719886417591,-0.9012525072020187,C3
B46640280,ALBAIDA MAQUINAS SL,2,-1.5297421814576022,-0.07714309466330178,C2
B97229447,SOLUCIONES EMPRESARIALES PARA EL EMPAQUETADO SL,2,-1.3591871847289634,3.3106644770922373,C2
B46421475,VICENTE ESPI SL,3,0.4661051679851964,-1.1882411973006666,C3
B97750939,RENOVA 10 SL,3,-0.7572950709510449,-1.2176447977999176,C3
B56864739,NONES BOCAIRENT 23 SOCIEDAD LIMITADA.,3,-1.1411702471525784,0.0049492316176550305,C3
B40513277,EQUOTEX CONTRACT SOCIEDAD LIMITADA.,3,-1.8626649038533163,-0.9788415971964916,C3
B54325477,SALVADOR EXTREMIANA S.L.,3,-0.7891846945474643,-1.4344601381968776,C3
B96493101,QUESERIA ARTESANA LA VALL SL,3,-0.6173943362504095,-1.5367119721576668,C3
B53843967,HILADE SL,2,-2.0688229373400207,0.8361198287379124,C2
B96779665,INDICE IMPORT EXPORT SL,1,1.5276734109657375,0.5219550688104998,C1
B53858692,ITARMA LUX SLL,3,-1.3156271004908626,-1.9067069541317208,C3
B54842828,PLASTICOS NAVARRO VALLS SL.,3,-0.12740653085819606,-0.4039582874644367,C3
B53382180,FLORES RAD S.L.,2,-0.6906812041725111,0.33832492199413083,C2
B54654058,INYECCION Y FABRICACION DE REDUCTORES SL,2,-1.318206243065132,0.8312883364873629,C2
B46302188,SILLAS SANTA LUCIA SL,2,-1.6308015596627552,0.9489340175948117,C2
B54908181,TUBOS CARTON NADAL SL.,3,-0.6562227270358456,-1.344140138783871,C3
B98467558,MPE SERIGRAFIADOS SOCIEDAD LIMITADA.,2,-0.872460287813491,0.28243043756193875,C2
F97982953,CARPINTERIA PALMER COOP.V.,3,-0.23878943549257065,-1.2740903152897047,C3
B53328951,REISA TEXTIL SL,2,-0.8922902650899045,0.6695834766370429,C2
B40541914,AGRO BULL PRODUCTS FOR NATURE SOCIEDAD LIMITADA.,1,3.1941626279295625,-2.3020368238958167,C1
B53882809,PLASTICOS EL REAL SL,3,-1.2617028598173907,-0.16956654569453689,C3
B42518878,IVITREO CUSTOM GLASS SL.,2,-0.900036230956384,-0.5947252308873741,C2
B53461380,ETITECNIC SL.,3,-0.8535366564353254,0.049129503157292136,C3
B53261939,COLORSOL QUIMICA SL,2,-1.6582808341196142,1.2581105094927427,C2
B98783848,HOME TEX CONTRAC SL.,3,-1.924121627266176,-0.2527424735237496,C3
B96817895,CONGELATS CAMOS SL,2,0.07391123508957262,2.557035242699295,C2
B46299525,RIBELLES CAJAS DE CARTON SL,3,0.06561555546042591,-2.3138362534013326,C3
B53244901,TORNILLERIA RECHE SL,1,1.2863953815044609,0.6204832100957682,C1
B98004864,HIJOS DE VICENTE MICO SL,3,-1.6138502740614185,-0.5573957084944566,C3
B54785217,INYECTADOS HNOS. PASTOR SL.,3,-1.1584122473830278,-0.9690160605866249,C3
B53986980,CREACIONS NOVAIBENSE SL,3,-0.23984007111863442,0.26679026215952073,C3
B42543777,MECANIZADOS DEL METAL MECAFORM SL.,3,-1.032512869302421,-1.8591948512819376,C3
B53076345,TALLERES TIBI SL,2,-2.0705381066647264,1.1532835268185069,C2
B03250487,MURODELL SL,3,-0.83454084530142,0.04753615719699313,C3
B54065081,MASIA EL ALTET SL,1,3.3543326130853384,-0.743677136199041,C1
B54366463,PLASTONIL PIEZAS PLASTICAS S.L.,1,1.0799172543187834,-0.2070854499946678,C1
A03028719,MIGUEL VICEDO CERDA SA,2,-2.59889539549338,3.131016502736536,C2
B03120292,MANUEL ROCA SL,2,-1.541944555805182,1.0127274899916245,C2
B03022290,BORRAS ENCAR SL,1,1.4089599995923356,0.8960997026281518,C1
B54861943,AESTHEMED SL.,2,-0.44996309934407464,1.0946021180879386,C2
B42513275,MICROBAY ALTA TECNOLOGIA SL.,1,4.007925703789225,-0.7431873730957392,C1
B53271805,FUNDICIONES GARRIGOS IBI S.L.,3,0.09572852980048865,-0.7176627085774848,C3
B01620624,NIKOVI SOLUTIONS SOCIEDAD LIMITADA.,2,0.3453390581499062,0.8323867274948844,C2
B46952115,CINTAS ELASTICOS Y BORDONES MAVITEX SL,3,-0.8367261904944511,-0.5798129963447338,C3
B03818283,JOSE MONLLOR S.L.,2,-0.7927424531316782,0.81788799018483,C2
B46864369,MEDITERRANEAN CANDLES SL,2,0.09332248827787598,0.05996830615737835,C2
B54902895,MIGUEL VIEIRA CONSTRUCTOR DE MOLDES SL.,2,-0.8541932842839582,-0.1135737584605141,C2
B96527254,TRENZADOS JOSE PLA SL,3,-1.172656188216947,-0.8709365025347554,C3
B97518351,MARMOLES ANTONIO GARCIA SL,3,-0.504278782193475,-0.8316539087642819,C3
B54333059,COMERCIAL ATALAC SL,3,-0.8647839981684216,-1.419635817328187,C3
B98015027,RAFAEL CAMBRA SL,3,0.6016767955350705,0.04702531913383801,C3
B03268497,GAVYP SL,3,-0.7623606700191135,-1.3013613445785486,C3
B54876487,INTECH ALUMINIUM SL.,2,-1.3571928580439856,0.7435253884598066,C2
B54706056,DISEÑO INYECCION Y TECNOLOGIA INDUSTRIAL SL.,2,-1.2608356331869652,0.060329128041545145,C2
B09897174,MECANIZADOS INDUSTRIALES J. NARANJO SL.,3,-0.8858734686284822,-1.537794048686751,C3
B42590356,NOUTEXTIL RIMAR SL.,3,-1.7665327331473968,-0.9782626147749118,C3
B54870738,MANIPULADOS & DESARROLLOS VM SL.,3,-0.8083103689282487,-0.9339584693432564,C3
B53101259,GESTION DE CORTE INDUSTRIAL DE TEJIDOS SL,2,-0.6651521088316659,-0.6464142877662985,C2
B16937690,TUBSOL INSTALACIONES SL.,3,-0.2424092701711068,-1.2744402235911776,C3
B53236725,TEJIDOS DOBELTEX SL,2,-1.0476213653382516,2.598547539603851,C2
B54994231,ROSATOYS SL.,2,-0.6900579239369306,0.6098181387340519,C2
B03760071,PORTELLY SL,2,-2.171932699489584,0.38843927106196235,C2
B96728993,INRETEX SL,2,-1.3283520749556308,1.5736681512511,C2
B96814413,ESCALERAS CLIMENT SL.,3,-0.8413482477492537,-1.9141743455343676,C3
B54724661,6 TORRES EG ESPECIALIDADES GRAFICAS SL.,2,-0.9220095705583501,0.16252125531781408,C2
B02857407,INDUSTRIAS PEREZ BELLOT SL.,3,0.08914117555495835,-0.4275115302064836,C3
B97974836,PIROTECNIA AITANA SOCIEDAD LIMITADA,1,1.1118673207499072,0.025005389995963096,C1
B03874864,BORYSER SL,3,-1.4707966002819166,-1.578746933430418,C3
B98539356,STD STRUCTURES INNOVATION SL.,3,-1.2211050887648998,-0.8901060934519142,C3
B53492633,IBIMARMOL S.L.,3,0.09728707699522741,-1.0462308800607991,C3
B01998103,URDIDOS LATORRE SL.,3,-1.016269130567094,-0.8972205610792389,C3
B42696377,HORIZON FILATI SL.,3,-0.2371495978298263,-2.5747627110891824,C3
B53447462,IKER PLASTIC SL,2,-0.7959477780989314,0.447658713980379,C2
B46165692,TRAMAFIL SL,3,-0.7082620605128928,0.7630033816241516,C3
B03852365,ROQUE ARTESANOS SL.,3,-1.8094129993495958,-0.533990792086484,C3
B03337680,INDUSTRIAS PLASTICAS VALBER SL,3,-0.36118808871091457,-1.4459990202711503,C3
B42518860,MARSALA DESIGN SL.,3,-0.8659158471262023,-0.8787504524097931,C3
B96537758,FERRERIA FERRI & VICENT SL,3,-1.0090816105138989,0.2155001859426893,C3
B42558650,SISTEMAS Y ACRILICOS CASTALLA SL.,2,-1.0884144709124288,-0.18498851017265452,C2
B46900361,CONFECCIONES SILBE SL,2,-1.9613827276996336,-0.22181126519991495,C2
B46301503,CESTERIA VICENT SL,1,1.4701052848553393,-0.2913965984455838,C1
B03063369,TEXTILES SAN JORGE SL,3,0.9552118264944586,-0.6469837427166578,C3
B96296512,FUSTERIA SOYCA SL,2,-1.5559484897916853,0.6611267454301625,C2
B53373445,TUSSY XXI SL,2,-1.4828485117545387,2.694042186566046,C2
A53264008,BORDADOS VELASCO SAL,3,-0.9808339911644038,-2.0641765168661887,C3
B54523675,ETIQUETAS BOCHEVADA SL,1,1.4528562412116302,-0.4808382410095742,C1
B54625249,TOP NIMBOS SL,2,-1.1930703876787982,0.5328070573770387,C2
B54598081,MUROTUB SL,3,0.7666196985549097,-1.7152936238644056,C3
B53047544,GRANERO FORNITURAS SL,2,-2.122995318227196,2.5588312461714495,C2
B03900255,GRAFICAS PAPERMURO SL,3,-0.2969062939253185,-1.6329603002527646,C3
F03896263,CARPINTERIA CHORI COOP V,3,-0.0623298907835848,-1.5305957694589447,C3
A03282829,RIMAI SA,3,-1.3034172859495554,-1.031418949965549,C3
B98742430,NUTEXA INGREDIENTS SL.,1,1.3048972529125502,-1.5569190733114107,C1
B96348123,TALLERES MECTOR SL,3,-1.047558651406874,-0.7118600462617434,C3
B53349650,MUNDO PASTEL SL,2,-1.4610407626839526,1.1742793707865788,C2
B46950820,TEJIDOS JVR SL,2,-2.31375022653735,3.877334758128833,C2
B46103495,PLASTICOS CAPUCHINOS SL,3,-0.21559436502871854,-1.0801401919906652,C3
B03136199,TALLERES MOVIA SL,3,-1.2115276158546868,0.19719543279954246,C3
B03817509,TALLERES PEYMAC SL,3,-0.17552526856680836,-0.6514784479892743,C3
B96087648,SUEÑOCOLOR SL,3,1.4187766203917684,-1.6653769872100381,C3
B53448064,METALIZADOS BERNABEU SL,3,0.017064945989275198,-3.03916752840271,C3
A46126819,RIBETES COLOMER SA,2,-1.9296770019667935,2.1941322360467903,C2
B54886791,BZO ENGOMADOS SL.,3,-0.06974522752324952,-2.350665138253,C3
B01842277,MEDITERRAN SOCKS SOCIEDAD LIMITADA.,2,0.6733125620320826,0.6372141356724398,C2
B06913800,MJI ART AND TECHNIQUE SL.,3,-1.5842665664538573,-1.9598729329015592,C3
B98409782,ROVIRA SALUD SL.,3,0.42505406865357753,-0.9522851797540753,C3
B42593186,GBIBI INYECTADOS SL.,3,0.34431222942461515,-1.1500393296376896,C3
B96222898,ACABADOS PLASTICOS OLLERIA SL,2,-1.2504276360933841,0.4654634925183676,C2
B97094338,TEXFELPA S.L.,3,0.22378990468136162,-0.6492804560309015,C3
B46439824,HIERROS FELETE SL,3,-0.9504531957108004,-0.27765605298107604,C3
B98504244,MEKA TROME SL.,3,-1.2064086634519542,-0.7190058293446449,C3
B97006555,TACOME L'OLLERIA SL,2,-1.9569133441086057,2.600544206819036,C2
B03516861,STILO TEX SL,2,-1.5306919503605183,1.3617693370271886,C2
B03892452,ORONIK S.L.,3,-0.6691856984460149,-0.36329103606947205,C3
B53514428,DISTRIBUCIONES Y REPRESENTACIONES SEMPERE SL,3,0.2665566633056057,-0.3532330075588679,C3
B53076543,PEREZ TAMARIT SL,3,-0.7356713239913457,0.0330036511674548,C3
B96025176,DREAMPUNT SL,3,-1.0978425346780505,0.14573741145283386,C3
B03823937,THE DOLL FACTORY EUROPE SL,3,0.29727522119339467,-1.5974539485269166,C3
B03254919,TROQUELADOS NAVARRO SL,3,0.3531667753146633,-1.634546958732251,C3
B46251666,CREACIONES TEXTILES LUCENA CANTOS SL,3,-1.5716768852034495,-0.38889718410304913,C3
B53365144,TOTEMPLAST SL,2,-1.0119009686114304,-0.18050421034760256,C2
B03738994,PASATEX SL,3,-1.6584436208055011,-0.09030759879520811,C3
B46555694,SERIPRINT SL,2,-0.8009979318909405,1.886189627874238,C2
B53920641,ETIQUETAJES LEVANTE SL,1,2.046422060832588,-1.5774723097766075,C1
B54761846,METUL SISTEM 14 SL.,3,-1.421497689544174,-1.0126829450709864,C3
B02879815,DAVID BLASCO SL.,3,-0.48004290680861,-2.107433141445179,C3
B03972148,TEXMAFER SL,3,0.2159344266861878,-0.5702589248128287,C3
B96373485,SILLAS JUALMI SL,3,-1.1583788217407152,-0.44653162253861267,C3
B10535946,LACADOS Y ARENADOS GALVAÑ SL.,3,-1.173569684813162,-1.290010671287511,C3
B46294807,CALZADOS LUCHENTE SL,2,-1.099043933986355,0.8613004660310584,C2
B44986073,ALEMAR MUÑOZ PLASTIC SL.,3,-0.3269641529010881,-2.900330216637135,C3
B96231782,CERRAJERIA CALABUIG SL,3,-1.4640230606632019,-1.0060430972372492,C3
B53249090,CREACIONES MARIOLA SL,2,-1.698821743828795,-0.021465584657572773,C2
B06837470,INTAP DESIGN SOCIEDAD LIMITADA.,2,0.11297255268578325,0.2335744427081206,C2
B96075650,BORDADOS REGISOL SL,3,-1.299150341558367,-1.7447288899740867,C3
B98530579,SENMARELI SOCIEDAD LIMITADA.,2,-2.5100556849436892,0.7207433189182629,C2
B53015087,JOYCLI S.L.,3,-0.38291616472640144,0.39655926574829814,C3
F98581143,IMPRESSIONAT GRAFICS 2014 S.COOP.V,3,-0.4479263098159675,-1.7124130870399585,C3
B96745781,BORDERA TEIXITS SL,3,-0.6350916917975059,-0.32874167823651473,C3
B54487491,PRODUCTOS METALICOS DE IBI SL.,2,-1.895006912374567,1.2837096812607167,C2
B97902001,METALPRATS GERMANS SL,3,-0.6003207860215732,-0.28844084629892053,C3
B03066925,VIPAR SL,2,-2.826179118380017,1.7366789694816893,C2
B96711411,CARROSSERIES ONTINYENT SL,3,-1.6094714879657477,-0.7159909933421087,C3
B97169999,UMBRITEX SL,3,-1.2964349192578761,-0.48267616800495355,C3
B53611075,SOPLADOS LUCAS SL,3,-1.0902673861686727,-1.1005597925337014,C3
B67957043,ESTILMARBRE PROJECTES SL,3,-0.9797915752786978,-1.5584720448527312,C3
B54300074,TALLERES HIVERMOLD SL,3,-0.024018471416886636,-1.2129665665047809,C3
B83064527,DAURELA SL,3,-1.3955739872248691,0.41294418858297316,C3
B53033775,ACOMUR ACOLCHADOS SL,2,-1.3093324856047834,1.323856484220236,C2
B53596870,TALLER DE MATRICERIA KAYMI SL,3,-0.2865746018028699,-1.8107388832009872,C3
B53161576,TECNIFORRO SL,2,-0.8916510812196361,2.3324035508811125,C2
B97302004,ONTIMOVE SL,2,-1.4877741967792022,1.3418339409139848,C2
B96581277,TEX SANTA SL,3,0.16137060898366384,-0.8242763312965473,C3
B54013073,INTERFRELIMA PSJ S.L.,1,0.9860209465468034,0.17044355798362862,C1
B97215008,CARPINTERIA METALICA ALMENARA SRL LABORAL,2,-1.6140805384898471,0.48697904749283816,C2
B03263423,CONSTRUCCIONES MECANICAS DUPRA SL,3,-1.4424341488173165,-0.6450467570249718,C3
B97076921,CARROSSES EL LLOMBO SL,3,0.16344121885576637,-2.0465788225947215,C3
B53009528,METALICAS ONIL SL,3,-1.0743161713459968,-1.1536420121659476,C3
B54253398,LAYCER ELECTROTECNICA SL,3,-0.21530862568230455,-0.4350891776501201,C3
B03060555,MUÑECAS BERBESA SL,3,-0.5423136245393149,-0.9523515542434798,C3
B03427697,MOLDEADOS ROCA SL,2,-0.8057429058968121,1.6832076638137405,C2
B54892799,H&M INDUSTRIA AUXILIAR Y ACABADOS DE ONIL SL.,1,6.985393842159555,1.9395466001013255,C1
B53693438,ENGEPUNT SL,3,-1.499261608245733,-0.730439728433075,C3
B96518154,CRIMADER SL,2,-2.0667787863817284,0.2884645761301304,C2
B98165582,CARPINTERIA METALICA BENIMETAL SOCIEDAD LIMITADA,3,-1.86127732011341,-0.5066755105641951,C3
B96741947,JESANPUNT SL,2,-0.8208952401233054,0.34157401172290147,C2
B54997499,DESUCRE OBRADOR SL.,3,-1.4934962672352652,-2.511536909737255,C3
B40580698,MECANIZADOS Y MANTENIMIENTOS LA VALL SL.,3,-1.4592368990620987,-0.6075135552410525,C3
B98818214,GRAMAGE TEXTIL SOCIEDAD LIMITADA.,3,-1.1331957092099658,-3.1229448264088484,C3
B54819446,TALLERES MAQBOX SL.,2,-1.3273221088294616,-0.12811031190620709,C2
B98281355,IMPRIMINT LA VALL SOCIEDAD LIMITADA,3,-1.6265966815970168,-0.24892206395976946,C3
B54063946,FORJAMURO 2001 SL,3,-2.139471595670543,-1.6692652166743172,C3
A03093325,MECANICA Y DISEÑO SA,2,-1.8225435505352072,0.5503826705806167,C2
B54781471,TEXVICO SERVICIOS TEXTILES SL.,3,-2.1120985354370054,0.21165374872645712,C3
B40528598,DOSGRAFIC ONTINYENT SOCIEDAD LIMITADA.,3,-0.08762025098076268,-0.8848046380526233,C3
B53178018,FUNCERDA SL,2,-1.8098053787382316,0.4812980327550689,C2
B44851228,WATAFIL SL.,2,-0.3082296456475215,0.4186547153101578,C2
F03358835,GRAFISTEC SODAD COOP VALENCIANA LTDA,2,-1.0633458453920124,1.4263544440432805,C2
B54355698,RUT & GEM SL,3,-1.8881647457844761,-1.5001834661891515,C3
B97296404,PRENVES PLASTICS SL,3,-0.5904732266926438,-1.1274773088893806,C3
B03332616,MAYANS SELECCIO SL,3,-0.8522290620091042,-1.4651812833281124,C3
B54847173,HR-TEC ACABADOS SL.,3,-1.3438773166119409,-1.3766988069413213,C3
B96525530,PROGRAMAS Y DISEÑO PARA EL BORDADO SL,3,-1.537274046009564,-1.1414835981874987,C3
B06954622,CESTERIA APARICI SOCIEDAD LIMITADA.,2,-0.9896042099184106,0.9310185719183809,C2
F16734170,VEGATEX COOP.V.,1,3.757273601306262,-2.1332652398127987,C1
B54690482,PINTATOTAL ONIL SL.,3,-1.250341006431471,-0.31363375397942295,C3
B40528770,NOU RAYPE BENISSODA SL.,2,-1.5904956467426674,0.1754506417397146,C2
B03221561,BERSAL SL,3,-1.032881831793313,-0.7040592819091844,C3
B42700971,QUADIBO SYSTEMS SL.,3,-0.5405960938292914,-0.48536367980453304,C3
B42516443,VINUESA VALLAS Y CERCADOS SL.,3,-0.3655906171284986,0.010635458135387998,C3
B03444403,DULCES RICO SL,3,-1.520011060378134,-0.560981467725035,C3
B54321138,MOLDES TEIXERETA SL,2,-1.3753253552588842,0.5373324356414172,C2
B03138302,FRANCISCO LEAL VIDAL SL,2,-1.1724975668121085,0.7910431185500331,C2
B96605720,ARTPI RUSTIC SL,1,5.656520398334492,0.9099809907933581,C1
B96603006,JORDA CONFECCIONES SOCIEDAD LIMITADA.,3,-1.7787829621638593,-2.942623612465735,C3
B54771886,INVENTOS DE DISEÑO SL.,3,-0.378939209575015,-1.931916869293229,C3
B03122462,CARPINTERIA LA IBENSE SL,3,-0.5845292618889582,-1.427388675721464,C3
A46389482,ONDUMAQUINAS SA,3,0.12518203040417317,-0.8127981675314906,C3
B98717093,TRENZADOS ALBERT CORDONES SOCIEDAD LIMITADA.,3,-1.8787341979945327,-0.0075480569968832956,C3
B96104831,BORDADOS TORMO SL,2,-1.9596034570994716,0.14161022968149403,C2
B98721103,TORMO TUB SL.,1,4.32609352375555,-0.5620793898653187,C1
B03901634,MATRICERIA IBENSE SL,3,-0.03353188087903468,-1.1382444932502855,C3
B97711956,RUBEN FRANCES SOCIEDAD LIMITADA.,2,1.0365445111544822,1.283352652585853,C2
B54739800,SERVICIOS INTEGRALES DE IMPRESION DIGITAL Y CORTE SL.,1,4.866819494457892,0.7492946323662407,C1
B03419157,GOMEZ SOLA SL,2,-1.7440990819959648,0.2714221072645443,C2
B02912772,BETONWIN SMART CONSTRUCTION SOCIEDAD LIMITADA.,3,-0.7886013351519253,-0.4514277414546628,C3
B53092383,ECOPLAST MATRICERIA SL,2,-1.3658457784028069,0.7556535116378178,C2
B97955710,BRILLONTEX SL,3,0.6373591865073686,0.32856517451429806,C3
B53258422,METALES CLOVAN S.L.,2,-0.4925475890253872,1.601330009625892,C2
B96366877,TEJIDOS VALE SL,2,-1.4744802806475132,0.6504269426956477,C2
B10616555,DUKA BAG SL.,2,-2.9767572797669284,1.088299854356697,C2
B53274098,JUGUETES DYAL SL,3,-0.5283885142477176,-0.21728819178687206,C3
B98818982,INNOVACIONES FERRE 2016 SL.,2,-1.2227447383189287,0.5976898225229405,C2
B54079413,BERSIL INYECCION Y SOPLADO SL,3,-1.0020770856781613,-0.6182288296500473,C3
B54411996,MITE PRECINTOS IMPRESOS SL,3,-0.5010514048665228,-0.3343420940011055,C3
B03313426,BENALCO SL,2,-2.2417214510979933,-0.7399265938788249,C2
B98561772,CANALVAL L'OLLERIA SL.,3,-1.7097997812599908,-1.3827056863329619,C3
B53573556,PASTISSERIA MERCEDES SL,3,-1.815141152203037,-1.0004766817876827,C3
B54978812,MOLDES GARCIA UCLES SL.,3,-0.36156976229570653,-1.3574658123254928,C3
B53105623,ABELJOY SL,3,-2.426445920027002,-1.4398606556149354,C3
B53419941,PANADERIA HEMA SL,3,-2.0129891913145204,-1.1014754771477944,C3
B96324132,JORGE BORONAT TEJADA SL,3,-1.1255551719958174,-0.5091923760863852,C3
B03507084,GUIBESOL SL,3,-1.9454525904959628,0.08866390551541384,C3
B06914022,VABERTEX ENCONADOS SL.,3,0.06519270157164596,-1.4643776147869911,C3
B54620968,MANUFACTURAS Y TRANSFORMADOS LUZ SL.,2,-1.6953913880099538,-0.06857743346038701,C2
B54659578,CERDA TEXTIL SL.,2,-1.8761032325744473,4.767402978705063,C2
B96720354,SUCH IMPRESORES SL,1,2.034100304663741,-0.2086074153753861,C1
B03872207,TALLERES SATORRE SL,3,-1.0785119050001433,-2.0149592280218354,C3
B53474987,DURA CARTONAJES FOTOGRAFICOS SL,2,-2.1271649353529396,0.5164480664748631,C2
B96668330,CERAMICAS HNOS FENOLLAR PLA SL,2,-1.345440375436982,0.297261290759741,C2
B03738259,LAPEÑA Y VALERO SL,3,-1.9049262842933647,-0.41246782016977535,C3
B03960036,TALLERES RAYPI SL,2,-1.8298506719627263,0.41637599175167067,C2
B98528169,CARPINTERIA METALICA ALU-VALL SL.,3,-1.230074512408421,-2.0016833717715947,C3
B97809990,NOU PERFIL 21 ALUMINIS SL,3,-0.19848395652727666,-2.278059677252949,C3
B03868064,PINTURA INDUSTRIAL RICO SL,2,-1.761039399283753,0.4092301319687063,C2
B53012134,MECANIZADOS TORTOSA SL,2,-1.4383611697517433,2.3332033233836587,C2
B06848642,TALLERES AGULLENT SL.,3,-0.6769301525182835,-1.6345152639092366,C3
B40591281,TEXALEXPORT TEXTIL 2019 SOCIEDAD LIMITADA.,3,-1.9907362576678667,-0.35313187943680213,C3
B42548420,MECANIZADOS IBI SL.,1,3.6753055769808793,1.6665688141183104,C1
B54608096,CHENIBEN SL.,3,0.04533236154301579,-2.3029428268226364,C3
B96747324,IMPRENTA SIMO SL,3,-1.2302891125711846,-1.8597356510473388,C3
B54018098,RIESPATEX SL,3,-0.9592669249934134,-0.5078057862043284,C3
B96233457,MARMOLES ONTINYENT SOCIEDAD LIMITADA,3,-1.491986158300254,-0.8049762832396601,C3
B98277940,SOLO BORRAS SL,2,-1.0931003752256572,1.1638064881836456,C2
B98698145,PRINTKEA IMPRESION Y ROTULACION SL.,3,-1.6709331241230565,-0.5736758774508379,C3
B44993616,SHT VIDRIOGROUP SOCIEDAD LIMITADA.,3,-0.8403085220279785,-1.3624803195855155,C3
B54874003,MON DEL NUGOL SL.,3,0.5071262669613684,-0.5772403644251404,C3
B97691505,TEXTIGEN SL,3,-0.7441611143843201,-0.5076543364337571,C3
B42566844,R. J. SANCHIS MODELOS SL.,1,1.6194909414043903,-1.6629951929671607,C1
B46185443,GRAFICAS OLLERIA SL,3,-1.2236485013973177,-0.3102824336431526,C3
B53184537,MARMOLES Y DECORACION ESTILO M-30 SL,2,-0.9000207036920654,1.0371554883819651,C2
B96046925,PLASTICOS LINARES SL,3,-0.1069927770868678,-1.1358033883486782,C3
B96470901,FUSTERIA I MOBLES NALSANZ SL,3,-1.186972960879699,-0.7544764185964559,C3
B01821115,DELENZO LINEN FROM EUROPE SL.,3,-0.7560245879062241,-1.339114055352098,C3
B03987740,TEJIDOS VILANOVA S.L.,2,-1.4899281424535091,-0.2701700770372049,C2
A46068581,DESSIGRAF SA,2,-1.5527452307566436,1.8851291391543321,C2
B96909122,TEXTILES AETEX SL.,2,-2.0185138493532038,-0.011552739419975646,C2
B54892989,IMPRESIONES SIMON SL,3,-1.554678110537458,-2.1592514028065866,C3
B53080594,FUSNIL SL,2,-1.4906826556937594,2.0878383045851323,C2
B54737564,AUXILIAR MAPEL SL.,2,-1.868464622078184,1.4934705222142475,C2
B54637715,BEST BREATHE COMPANY SL.,2,-1.6269221624850743,0.3979982878101452,C2
B54396528,BATACHAP SL,3,-1.9881922155543146,-0.847295277978484,C3
B54541727,DORADOS DE IBI SL,3,-1.2004379607717706,-0.36607370562063096,C3
B96215702,ARLIMPLAST SL,3,-0.9848370786515787,-0.35005688223959897,C3
B96416516,GRAFICAS TORMO LIT SL,3,-1.4894980432268474,-0.9569570535568547,C3
B54840350,SISTEMAS METALICOS EL COMTAT SL,3,-1.8680396382689521,-0.42216088187313855,C3
B96519715,JOAN ROSES SL,3,0.1891879963798992,-0.5672971066797777,C3
B81350282,MARDAN INTERMEDIARIOS S.L.,2,-0.5820332696355658,0.9880472739383988,C2
B03955481,TERMO-ART SL,2,-1.6537660159849619,1.1012207438868928,C2
B53300497,JOSE JUAN RICO E HIJOS S.L.,2,-2.1691451563260205,1.5182060235890893,C2
B54655733,ECOSPAIN MEDITERRANEA INGENIERIA DEL CONFORT SL,3,-1.6112997513441394,-0.40591398366408626,C3
B54029913,BALLESTER MERINO SL,2,-1.8991832690397448,0.2976285529396373,C2
B53612339,CASA GRIM S.L.,2,-1.4677255515736796,1.2117297505051199,C2
B72506819,ARTESANIAS SUCH SL.,2,-1.2823552604048303,0.9925123603335427,C2
B73901480,INDUSTRIAS GRAFICAS BASE 2000 SL.,1,1.1012209084542892,0.723184944989044,C1
B03901147,DOLORES MORILLAS SL,2,-1.2038492180133562,3.1730792518072173,C2
A46106712,SA DE URDIMBRES,2,-1.9214499393654538,-0.24406836320234368,C2
B97108500,ESPAI EN FUSTA SL,3,-0.3672094811855303,-1.936661880665066,C3
B98254931,FUSTES-DUC SOCIEDAD LIMITADA.,2,-2.068431263415568,1.3660378475041994,C2
B53238382,GAME-MOVIL SL,2,-2.3836804967140144,2.107892390565675,C2
B97393532,LARASUN METAL SL,3,-0.17536885436848473,-1.3918091494311133,C3
B02886356,REGENERADOS DEL ALGODON SL.,2,-1.2591992224463595,1.3837168315813788,C2
B03103132,FRANCISCO FERRE NAVARRO SL,3,-1.06099610968847,0.4049434716053536,C3
B98756968,SANSAR PACKAGING SL.,3,-1.1730045248697654,-0.5002998706328601,C3
B98630932,VINYA ALFORI SOCIEDAD LIMITADA.,2,-0.8742964428003299,5.2138005899535695,C2
B46927414,BESANT SL,2,-2.0793367708109844,0.3228514540225294,C2
B54304084,BERENGUER & QUILIS SL,2,-1.6909097552436836,-0.13643389214673973,C2
B40628034,LOGRATA DESING SOCIEDAD LIMITADA.,3,-0.10229274593235867,-3.2817759995474765,C3
B42502690,TROQUELES DE VES SL.,3,-0.941756603034768,-0.8578750932499422,C3
B96398136,CERRAJERIA NAVALON VAÑO SL,2,-1.4506950115074295,1.0604234232653904,C2
B53280871,CHUSCOS CAPOT SL,3,-1.792444384103495,-2.0124325004231074,C3
B53934519,CELLER LA MUNTANYA SL,2,-2.8602867229542275,4.662500424761146,C2
B53529624,MUÑECAS RAUBER SL,2,-1.4803029651236195,0.7214242852030591,C2
B54166038,MANOLO DOLLS SL.,2,-2.054542806365578,1.0146954486332176,C2
B03993078,TOLDOS LLORENS GILABERT SL,3,-1.180316636183893,-1.335072454104475,C3
B54905369,IMPRENTA DOMINGUEZ 1922 SL.,3,-1.765131780344902,-0.17836827428851723,C3
B98864739,CUESTAMARK ALIMENTACION GOURMET SOCIEDAD LIMITADA.,2,-2.3803798092849675,-0.0951697668948689,C2
B03959020,BASTIDORES JURASA SL,3,-1.4048600006621867,-0.6464768170144698,C3
B54836432,PARTYPLAST SL.,2,-2.0739506948654456,0.9931781224512553,C2
B53745147,MOLDURAS SAMPER SL,3,-1.8188050662637651,-0.33248856145053673,C3
B42657403,CONFOBIRD SL.,2,-2.0505424575206987,0.23499626835708712,C2
B03930062,TAPITER SL,2,-2.0396154335808374,4.201635376710751,C2
B40577736,TABLERCHOP SOCIEDAD LIMITADA.,3,-2.0834486226322686,-0.9503547451914921,C3
